key,key:user-story,key:project
p_us-01.01,user-story-01,project-01
p_us-01.02,user-story-02,project-01
p_us-01.03,user-story-03,project-01
p_us-01.04,user-story-04,project-01
p_us-01.05,user-story-05,project-01
p_us-01.06,user-story-06,project-01
p_us-01.07,user-story-07,project-01
p_us-01.08,user-story-07,project-01
p_us-01.09,user-story-09,project-01
p_us-01.10,user-story-10,project-01
p_us-01.11.0,user-story-11.0,project-01
p_us-01.11.1,user-story-11.1,project-01
p_us-01.11.2,user-story-11.2,project-01
p_us-01.12,user-story-12,project-01
p_us-01.13,user-story-13,project-01
p_us-01.14,user-story-14,project-01
p_us-01.15,user-story-15,project-01
p_us-01.16,user-story-16,project-01
p_us-01.17,user-story-17,project-01
p_us-01.18,user-story-18,project-01
p_us-01.19.0,user-story-19.0,project-01
p_us-01.19.1,user-story-19.1,project-01
p_us-01.19.2,user-story-19.2,project-01
p_us-01.20,user-story-20,project-01
p_us-01.21,user-story-21,project-01
p_us-01.22,user-story-22,project-01
p_us-01.23,user-story-23,project-01
p_us-01.24,user-story-24,project-01
p_us-01.25,user-story-25,project-01
p_us-01.26,user-story-26,project-01
p_us-01.27,user-story-27,project-01
p_us-01.28,user-story-28,project-01
p_us-01.29,user-story-29,project-01
p_us-20.30,user-story-30,project-20
p_us-20.31.0,user-story-31.0,project-20
p_us-20.31.1,user-story-31.1,project-20
p_us-20.31.2,user-story-31.2,project-20
p_us-20.32,user-story-32,project-20
p_us-20.33,user-story-33,project-20
p_us-20.34,user-story-34,project-20
p_us-20.35,user-story-35,project-20
p_us-20.36,user-story-36,project-20
p_us-20.37,user-story-37,project-20
p_us-20.38,user-story-38,project-20
p_us-20.39,user-story-39,project-20
p_us-01.40,user-story-40,project-01
p_us-02.40,user-story-40,project-02
p_us-03.40,user-story-40,project-03
p_us-04.40,user-story-40,project-04
p_us-32.41,user-story-41,project-32
p_us-02.42,user-story-42,project-02
p_us-32.42,user-story-42,project-32
p_us-33.43,user-story-43,project-33
p_us-33.44,user-story-44,project-33
p_us-33.45,user-story-45,project-33
p_us-34.45,user-story-45,project-34
